,income,credit_score,loan_amount,years_employed,loan_approved
0,113810,389,39698,27,1
1,44592,729,15446,28,1
2,33278,584,11189,13,1
3,127196,344,48823,29,1
4,66048,496,47174,4,1
5,62098,689,19217,29,2
6,59256,373,40920,40,1
7,48289,524,45866,20,1
8,126530,367,14826,36,1
9,43434,446,18359,8,1
10,118696,670,15373,8,2
11,127080,365,26216,24,1
12,146939,573,43006,21,1
13,101482,819,7973,40,2
14,41395,843,1037,38,2
15,107397,380,6613,31,2
16,85302,469,18370,33,1
17,34165,682,29711,33,1
18,33905,525,1471,4,1
19,42280,543,19250,31,1
20,58657,716,13478,6,2
21,60495,400,4972,25,1
22,96237,443,28648,11,1
23,108907,400,4315,34,2
24,33478,792,15008,25,2
25,103563,592,28722,35,2
26,56062,362,21552,3,1
27,123850,382,13178,4,1
28,115181,383,28474,37,1
29,121924,434,45019,19,1
30,101426,402,5801,34,2
31,84987,748,36600,19,2
32,58893,406,9800,16,1
33,88878,651,14342,40,2
34,107236,345,1232,21,2
35,66463,309,8331,4,1
36,136093,451,29166,8,1
37,143940,405,24178,35,1
38,30851,481,28020,1,1
39,129458,573,11433,6,1
40,135620,658,21000,14,2
41,50926,659,43040,32,1
42,121506,482,39049,16,1
43,85392,418,26244,36,1
44,74597,638,41839,20,1
45,66421,712,46692,18,2
46,50379,608,27612,35,1
47,58221,518,34500,30,1
48,130072,395,16392,19,1
49,74118,374,30846,26,1
50,43396,451,43995,0,1
51,42156,775,4291,35,2
52,79797,624,30004,39,2
53,42676,760,17986,15,2
54,77052,750,6077,18,2
55,141082,456,47295,13,1
56,75082,698,39278,1,1
57,109131,729,36272,34,2
58,64671,698,23028,25,2
59,135791,385,43123,27,1
60,35695,634,23118,24,1
61,125647,353,23935,14,1
62,90217,456,16633,8,1
63,100284,471,40707,38,1
64,46361,326,21444,36,1
65,79615,548,7678,19,1
66,40328,370,34158,21,1
67,102357,456,29540,11,1
68,68427,574,22122,15,1
69,138711,688,23046,1,2
70,112397,310,34857,12,1
71,111070,802,30371,1,2
72,146057,784,37272,33,2
73,142945,613,17475,14,2
74,77400,795,19120,37,2
75,105674,669,12759,19,2
76,55203,802,7723,0,2
77,122349,789,8476,4,2
78,39116,611,6582,15,1
79,36006,761,30014,19,2
80,116673,512,41993,13,1
81,59871,781,20087,2,2
82,131327,570,41963,37,1
83,67930,572,10321,4,1
84,40458,611,46857,25,1
85,142108,630,40564,16,2
86,60512,341,12481,30,1
87,143571,393,31802,22,1
88,43238,807,19888,25,2
89,79823,713,34724,0,1
90,66434,810,41986,28,2
91,89429,424,2891,40,1
92,113320,416,31241,7,1
93,139328,725,32621,30,2
94,77819,724,23274,32,2
95,51319,795,23618,21,2
96,78520,692,16306,26,2
97,76566,807,3426,8,2
98,57460,315,48346,9,1
99,117841,646,41845,25,2
100,64993,336,41465,4,1
101,121988,400,42533,6,1
102,119593,667,25565,27,2
103,114939,691,41613,15,2
104,39358,461,5840,28,1
105,109840,609,14055,24,2
106,113227,322,44137,25,1
107,52431,535,40784,22,1
108,100010,340,21246,28,1
109,125568,479,14159,8,1
110,62087,793,20342,21,2
111,51417,706,37524,23,2
112,90589,690,42847,23,2
113,79735,364,42641,29,1
114,65382,611,33284,7,1
115,113886,729,39491,9,2
116,120198,333,46238,23,1
117,103000,667,4968,25,2
118,58785,321,4314,21,1
119,119733,521,16269,21,1
120,72504,433,36403,16,1
121,140474,543,39591,20,1
122,130704,787,30378,23,2
123,131711,608,31018,1,1
124,37331,375,6294,20,1
125,60021,601,30734,32,1
126,137715,533,28119,21,1
127,34207,683,11003,30,1
128,135518,361,39434,35,1
129,71347,594,40348,19,1
130,82581,658,37455,23,1
131,65093,326,40911,17,1
132,38675,446,38114,25,1
133,57653,729,30730,21,2
134,149686,383,18832,28,1
135,104341,416,23621,27,1
136,144867,356,1503,13,2
137,124098,307,33596,27,1
138,71245,746,2228,29,2
139,57869,596,8548,25,2
140,115909,390,29620,6,1
141,95435,526,22827,10,1
142,81856,451,16484,6,1
143,145957,775,37944,37,2
144,149871,454,29820,4,1
145,114259,772,30616,2,2
146,90142,773,39032,35,2
147,48726,813,10886,3,2
148,64718,553,47374,28,1
149,48301,353,42345,21,1
150,62325,641,6341,37,2
151,127647,617,37629,24,2
152,103579,670,2194,23,2
153,100644,458,6057,18,2
154,64438,685,11109,10,2
155,127912,720,24874,15,2
156,106622,616,31737,12,2
157,86155,814,35567,26,2
158,147679,792,25327,35,2
159,106484,579,30446,32,1
160,82350,657,2747,26,2
161,77447,401,47838,21,1
162,58746,780,30399,39,2
163,48131,840,28738,7,2
164,96784,768,5116,7,2
165,94686,739,1102,39,2
166,41915,838,36656,32,2
167,129061,682,17623,1,2
168,36175,436,3905,22,1
169,142866,486,9837,4,1
170,44371,342,21682,19,1
171,50033,592,24394,3,1
172,112240,750,26339,21,2
173,50969,380,29220,38,1
174,133819,756,40493,27,2
175,119192,581,42908,3,1
176,85333,748,3280,8,2
177,108172,457,45503,28,1
178,38326,621,43569,17,1
179,80432,420,18155,16,1
180,80019,375,30625,11,1
181,108104,597,20657,10,2
182,91348,505,10101,15,1
183,99352,432,41104,5,1
184,62953,375,9213,20,1
185,102512,486,9456,27,2
186,142824,630,47486,14,2
187,31504,581,9203,40,1
188,119166,457,12219,39,1
189,124466,346,43038,36,1
190,45014,596,43068,19,1
191,119353,725,32735,29,2
192,145970,708,9569,23,2
193,100381,399,4316,18,2
194,128419,620,13440,10,2
195,64973,520,39230,22,1
196,130741,410,29241,8,1
197,114012,499,24758,35,1
198,74587,431,7336,25,1
199,44621,821,27305,32,2
200,68469,827,10160,20,2
201,86985,821,35887,31,2
202,50730,726,39253,19,2
203,89470,533,48277,3,1
204,30425,332,38523,7,1
205,124646,813,41073,30,2
206,144799,632,44399,30,2
207,124329,795,13600,15,2
208,64522,800,21777,30,2
209,95612,688,26856,22,2
210,129871,654,29991,16,2
211,53416,440,8158,39,1
212,96542,402,28086,21,1
213,149619,716,43787,30,2
214,43947,391,43749,36,1
215,144100,337,27017,31,1
216,111959,605,38221,38,2
217,69117,816,31672,17,2
218,140319,314,49274,21,1
219,113748,715,29029,32,2
220,96540,554,1447,16,1
221,109818,311,18141,23,1
222,56071,618,46238,7,1
223,50032,789,11039,29,2
224,79009,553,45586,38,1
225,129943,414,5047,35,2
226,51174,752,8617,13,2
227,100697,435,34636,26,1
228,132056,560,1197,13,2
229,99514,783,3079,18,2
230,30074,759,25739,24,2
231,108504,421,12696,34,1
232,72487,774,45138,34,2
233,94042,493,48515,7,1
234,32552,334,30257,38,1
235,44662,522,4699,8,1
236,77576,542,20776,9,1
237,145175,807,4072,22,2
238,139008,452,20653,24,1
239,135745,447,31344,3,1
240,70306,508,22644,5,1
241,61385,340,5769,12,1
242,37592,640,20869,0,1
243,61571,706,16684,35,2
244,145082,825,33589,29,2
245,104364,620,28127,2,1
246,40322,727,20345,9,1
247,41226,645,17864,31,1
248,125932,473,10172,34,2
249,93699,349,1418,26,1
250,136957,766,25458,3,2
251,39071,306,35879,35,1
252,129693,483,8013,6,1
253,99822,706,6178,23,2
254,130379,382,43843,2,1
255,46483,384,33758,27,1
256,46828,516,46369,36,1
257,116474,333,12754,20,1
258,92296,466,37959,15,1
259,102063,380,33819,22,1
260,51643,634,2941,40,2
261,64741,742,13172,37,2
262,99163,574,11107,24,1
263,144351,305,21202,28,1
264,109507,824,27741,6,2
265,85461,598,28119,24,2
266,57760,689,12108,8,2
267,100686,606,32734,4,1
268,128994,768,8010,8,2
269,125673,750,22937,27,2
270,120422,505,32392,20,1
271,56365,633,25645,17,1
272,123447,484,45676,35,1
273,70857,370,27813,31,1
274,82296,686,5847,28,2
275,118039,849,39916,40,2
276,115180,709,22731,27,2
277,78944,774,45535,37,2
278,87422,387,8606,9,1
279,147914,748,48316,28,2
280,97839,468,49528,15,1
281,89177,714,42271,11,2
282,45860,698,1291,13,2
283,62493,491,24972,20,1
284,59451,697,41062,25,2
285,38392,604,41270,37,1
286,74313,444,34477,24,1
287,32757,477,37366,10,1
288,107110,796,9947,12,2
289,102603,725,47539,28,2
290,60161,850,19918,10,2
291,107128,416,18556,34,1
292,58864,523,28862,6,1
293,30942,749,8693,15,2
294,39305,511,14562,3,1
295,122778,599,19961,36,2
296,112719,360,19174,8,1
297,37716,801,10317,36,2
298,60007,712,34791,17,2
299,38834,395,48902,29,1
300,148675,516,33421,17,1
301,34117,651,45731,3,1
302,142674,751,30918,0,2
303,73309,395,43899,23,1
304,39287,612,48578,14,1
305,97391,531,35042,28,1
306,61195,372,16004,24,1
307,66500,691,9725,9,2
308,117684,518,42161,9,1
309,93624,443,9071,37,1
310,58080,386,17263,35,1
311,100678,510,34931,38,1
312,47342,806,26289,7,2
313,124811,730,24947,34,2
314,145655,568,15138,2,1
315,104847,725,28759,25,2
316,105525,823,14316,9,2
317,91953,359,17022,5,1
318,61850,422,1830,8,1
319,132841,575,49033,7,1
320,91993,378,33515,29,1
321,135840,405,38611,7,1
322,83354,692,10835,11,2
323,54957,726,48204,20,2
324,42363,347,27275,4,1
325,42704,767,1522,23,2
326,116374,805,13807,34,2
327,86498,654,42677,0,1
328,76438,543,28513,31,1
329,85519,832,28070,23,2
330,83883,376,39790,36,1
331,91213,702,46922,20,2
332,143224,411,11184,6,1
333,125561,762,21205,29,2
334,37100,520,22482,9,1
335,118259,331,27502,28,1
336,115649,312,5041,14,2
337,114696,322,5225,12,2
338,42899,351,12009,36,1
339,37944,662,15071,11,1
340,82772,721,37089,30,2
341,125448,838,17328,40,2
342,74473,652,38070,32,1
343,134935,587,4839,30,2
344,142941,546,18467,34,1
345,44322,697,24252,11,1
346,62591,660,38201,36,1
347,55112,802,3487,5,2
348,54931,433,23331,11,1
349,100292,413,35491,23,1
350,88800,609,22142,8,2
351,48373,665,15630,37,1
352,85296,700,38190,2,1
353,54050,808,10217,21,2
354,66509,390,47462,40,1
355,90637,658,17820,6,2
356,62742,804,25819,22,2
357,144620,334,20327,1,1
358,39880,376,36851,5,1
359,88082,744,11295,3,2
360,135909,543,7285,3,1
361,142898,601,44386,40,2
362,142193,383,32035,7,1
363,102132,696,13116,23,2
364,42833,531,18600,36,1
365,36630,723,39648,14,1
366,115477,541,32212,19,1
367,100855,759,12329,10,2
368,139579,506,42105,9,1
369,31934,633,19101,33,1
370,42224,451,38132,37,1
371,128771,848,23535,26,2
372,141240,712,10427,39,2
373,60982,786,18601,23,2
374,51798,533,9807,19,1
375,83269,492,29948,13,1
376,93653,462,5300,19,1
377,93092,359,17350,2,1
378,58016,817,27014,40,2
379,143331,785,39461,35,2
380,82565,466,38503,13,1
381,148284,320,45708,0,1
382,37685,581,28774,24,1
383,51579,404,1481,32,1
384,79672,793,5183,21,2
385,30282,546,4720,38,1
386,81173,565,28431,25,1
387,64760,527,45978,34,1
388,132769,485,20253,6,1
389,132908,391,15565,22,1
390,89638,601,31393,7,1
391,67388,422,45610,24,1
392,85444,650,27816,36,2
393,121303,640,42355,11,2
394,125748,462,33084,5,1
395,132676,304,3472,34,2
396,102845,495,2174,0,1
397,116752,692,33986,37,2
398,124163,836,23140,27,2
399,93788,468,27436,1,1
400,50289,675,47603,2,1
401,54890,320,4161,7,1
402,68890,309,20733,26,1
403,58534,407,34527,39,1
404,37665,569,35284,12,1
405,105914,638,16368,0,1
406,126434,823,5918,6,2
407,101066,402,12449,2,1
408,37989,346,1633,8,1
409,128038,395,25420,21,1
410,71104,731,43522,10,2
411,37492,794,38286,28,2
412,36572,794,32989,7,1
413,106569,529,44898,21,1
414,92493,793,23659,24,2
415,95909,817,31755,31,2
416,141767,351,34222,14,1
417,99615,758,6768,31,2
418,50635,300,6956,38,1
419,37455,649,24812,3,1
420,96562,763,8472,6,2
421,40500,408,4000,10,1
422,141587,423,26748,13,1
423,54356,426,30524,29,1
424,38981,743,39346,30,2
425,107992,406,26389,38,1
426,38907,580,27074,21,1
427,118501,606,46973,35,2
428,142960,597,45997,22,2
429,60828,630,47553,7,1
430,82923,592,28681,0,1
431,45713,593,45786,16,1
432,146691,667,30661,6,2
433,104668,698,16571,32,2
434,62271,355,1849,16,1
435,105880,501,48507,12,1
436,107924,422,25720,2,1
437,35209,458,3617,9,1
438,111183,666,5776,20,2
439,40745,713,7025,22,2
440,84948,786,37787,0,2
441,116163,628,25993,7,2
442,106503,756,32903,2,2
443,104085,846,1480,40,2
444,98522,850,47054,27,2
445,71467,639,3482,5,2
446,64179,717,26430,28,2
447,56772,346,46933,4,1
448,117782,748,25996,25,2
449,123872,602,42552,9,2
450,71180,444,9076,2,1
451,61285,516,28043,32,1
452,64814,355,36969,29,1
453,81876,798,22682,22,2
454,47154,636,41392,19,1
455,118039,304,21526,15,1
456,114607,639,32454,29,2
457,69321,587,10175,34,2
458,89929,714,39668,13,2
459,71441,674,26722,14,2
460,128548,392,27003,23,1
461,39508,756,11434,11,2
462,31220,667,3648,14,1
463,90068,830,24674,24,2
464,111416,580,49621,16,2
465,103792,829,17487,24,2
466,43104,306,33888,8,1
467,39602,461,24738,38,1
468,100468,790,32393,13,2
469,57938,464,9829,40,1
470,96307,829,27571,38,2
471,64760,759,40749,30,2
472,47361,486,41842,32,1
473,75745,535,25786,24,1
474,145456,481,32186,39,1
475,39016,301,45470,27,1
476,145247,690,23971,37,2
477,62018,538,6493,18,1
478,78434,835,8722,33,2
479,67353,458,28923,37,1
480,50676,508,28081,35,1
481,87433,652,47235,25,1
482,139280,465,7571,13,2
483,101200,393,10524,30,1
484,122214,833,19774,38,2
485,69651,830,19743,12,2
486,110173,336,24575,15,1
487,135788,704,27571,37,2
488,115717,656,23772,17,2
489,99329,479,27681,32,1
490,31025,850,38676,16,2
491,117538,769,45668,29,2
492,137099,535,21691,26,1
493,102692,708,45151,21,2
494,69240,575,12978,12,1
495,116951,664,11223,6,2
496,43577,343,32607,23,1
497,145097,586,27075,14,2
498,47601,333,33930,22,1
499,64664,308,1774,13,1
500,45129,542,18655,30,1
501,146616,673,27253,17,2
502,44029,576,16453,35,1
503,127310,480,28624,31,1
504,102512,556,37840,36,1
505,50374,398,30481,21,1
506,65697,424,24009,38,1
507,66930,632,45118,32,1
508,109276,471,42981,21,1
509,57607,621,21766,18,1
510,124058,833,30510,26,2
511,74942,381,14800,10,1
512,56685,706,35339,5,1
513,120111,590,30042,40,2
514,113130,787,31617,34,2
515,141792,745,35305,40,2
516,64600,615,24971,26,1
517,96244,847,1545,31,2
518,94032,307,36927,23,1
519,62914,699,25796,14,2
520,148664,575,28060,12,1
521,149034,803,13306,20,2
522,140900,428,47871,28,1
523,36658,619,33662,23,1
524,42097,701,5678,34,2
525,113136,554,26218,28,1
526,85518,784,26501,19,2
527,138704,503,24620,3,1
528,66265,582,39318,7,1
529,35778,680,6864,15,2
530,30464,849,8038,8,2
531,73719,497,2399,24,1
532,131072,601,36568,31,2
533,47146,464,5513,33,1
534,113507,688,49080,11,2
535,64335,696,13443,33,2
536,51178,413,7308,33,1
537,127154,409,32809,12,1
538,87912,562,4216,23,1
539,102309,381,31674,40,1
540,122493,572,35669,2,1
541,86057,536,35842,24,1
542,103519,725,49896,6,2
543,31267,484,37042,25,1
544,44663,632,25361,26,1
545,39862,684,37060,16,1
546,145750,316,34922,8,1
547,120573,823,37459,36,2
548,148479,675,39152,15,2
549,49536,379,48420,20,1
550,101511,690,6143,3,2
551,34722,532,49999,38,1
552,139392,453,22419,32,1
553,78393,816,6903,14,2
554,106350,350,36923,25,1
555,102420,502,32972,25,1
556,49410,740,22195,36,2
557,86333,324,20976,10,1
558,46704,539,14086,23,1
559,35482,594,1900,21,1
560,70404,516,14356,34,1
561,77795,318,25681,37,1
562,147831,354,31471,0,1
563,134349,599,43559,24,2
564,142814,390,13217,12,2
565,35229,612,22860,31,1
566,147823,541,33850,17,1
567,76898,455,23399,25,1
568,57535,456,28948,19,1
569,119399,507,10051,19,2
570,62706,461,21807,4,1
571,117416,330,21885,26,1
572,43473,409,9620,11,1
573,76357,326,24544,5,1
574,132251,488,26392,31,1
575,103385,576,28069,14,1
576,145885,801,46079,20,2
577,144650,620,26831,39,2
578,83264,343,17103,33,1
579,111351,494,20082,28,1
580,128235,355,46216,33,1
581,50257,438,26760,26,1
582,61029,631,46332,10,1
583,143325,836,47352,24,2
584,51299,344,12199,21,1
585,134842,352,28497,19,1
586,136269,507,1231,39,2
587,53206,805,16589,13,2
588,145528,584,41616,40,2
589,84040,337,10527,2,1
590,33248,465,45046,18,1
591,53509,668,3348,5,2
592,126542,366,20191,30,1
593,73540,359,8163,36,1
594,132548,737,40901,20,2
595,83964,832,48787,40,2
596,135150,776,41990,7,2
597,117806,658,37727,40,2
598,143254,607,34206,35,2
599,126345,329,12510,12,2
600,136266,793,11183,40,2
601,62527,357,35149,19,1
602,64970,662,5339,9,2
603,50866,491,40006,7,1
604,133202,723,6688,31,2
605,121917,479,8355,23,2
606,44168,812,11097,12,2
607,80140,400,34826,8,1
608,144316,389,22842,29,1
609,35075,514,22029,12,1
610,142537,452,11321,17,2
611,91694,626,18763,9,2
612,59154,646,36427,28,1
613,56158,736,26684,11,2
614,137031,640,13985,34,2
615,90332,779,7374,29,2
616,75830,447,41431,16,1
617,70001,764,32949,1,1
618,137549,430,34288,6,1
619,134247,710,39701,26,2
620,144206,513,46485,37,1
621,59831,477,44424,4,1
622,59219,399,30177,11,1
623,33101,392,15261,8,1
624,116511,763,35816,18,2
625,55313,745,48041,22,2
626,82227,678,36971,3,1
627,73025,540,29292,37,1
628,66517,477,32121,8,1
629,143292,437,1760,4,1
630,39099,386,9992,26,1
631,131361,821,28795,35,2
632,66585,810,48901,15,2
633,76025,794,47195,23,2
634,114080,586,31470,33,2
635,96768,619,41176,3,1
636,82386,639,28591,22,2
637,119065,473,38542,3,1
638,140580,817,6037,17,2
639,100282,478,39782,9,1
640,73404,840,3168,21,2
641,33617,692,16594,28,1
642,45118,418,4442,10,1
643,144955,699,32102,16,2
644,64237,842,45752,2,2
645,53405,643,18716,17,1
646,106099,499,35075,21,1
647,64795,312,27951,6,1
648,35014,324,41592,5,1
649,44208,422,6661,38,1
650,108193,559,20304,29,1
651,86959,563,11614,4,1
652,75309,482,29873,4,1
653,125491,741,15312,39,2
654,133078,556,30221,1,1
655,71114,637,26646,36,1
656,87199,531,1216,24,1
657,109457,710,4617,40,2
658,97033,596,43453,12,1
659,45157,409,42328,22,1
660,80488,544,33062,24,1
661,147899,337,23235,3,1
662,105574,835,31039,34,2
663,54914,782,41525,2,2
664,63386,767,41057,10,2
665,35817,364,14280,27,1
666,122901,440,22075,13,1
667,87154,472,46632,23,1
668,30221,461,2024,31,1
669,98146,429,14510,9,1
670,135710,484,48002,31,1
671,100575,541,13576,7,1
672,120027,513,19115,3,1
673,124297,344,4540,23,2
674,127248,850,12526,10,2
675,126605,633,28463,12,2
676,117900,722,14104,24,2
677,55825,482,26384,23,1
678,77739,332,46364,36,1
679,86531,525,20343,38,1
680,39171,535,6667,26,1
681,117062,314,48842,27,1
682,73279,305,28379,2,1
683,111678,400,30651,31,1
684,71145,667,20384,15,1
685,116951,324,30808,29,1
686,141151,372,26223,21,1
687,46334,643,49218,3,1
688,124339,341,24958,23,1
689,147970,544,36365,7,1
690,69363,530,22001,22,1
691,96469,797,33863,33,2
692,70538,367,13343,29,1
693,117410,451,33527,9,1
694,83528,435,32057,22,1
695,72753,537,35053,21,1
696,82743,755,31015,19,2
697,121384,595,4101,9,2
698,68752,486,12492,9,1
699,102667,488,14445,35,1
700,46683,466,35972,19,1
701,55144,459,1281,34,1
702,85108,450,38043,28,1
703,117153,756,24422,5,2
704,79695,584,13826,1,1
705,118777,625,40529,38,2
706,128059,678,26304,23,2
707,148332,520,48700,28,1
708,52810,734,48749,26,2
709,110676,837,22981,4,2
710,104593,724,12461,35,2
711,69446,596,37298,31,1
712,83225,529,2758,0,1
713,101819,727,12755,31,2
714,139278,670,39080,30,2
715,30053,682,34588,36,1
716,69829,438,24421,10,1
717,67606,842,42873,4,2
718,57549,630,21723,19,1
719,86346,440,34958,18,1
720,132990,815,15490,12,2
721,106019,419,9600,1,1
722,109516,650,12285,19,2
723,115813,428,14752,8,1
724,72237,343,13868,6,1
725,90946,344,5341,19,1
726,87905,489,44948,22,1
727,87954,660,11522,32,2
728,118555,841,15221,12,2
729,58010,816,47383,30,2
730,97000,734,15042,32,2
731,92021,807,24674,18,2
732,134036,754,15802,35,2
733,148119,483,1837,31,2
734,134336,404,49590,10,1
735,126463,811,19252,37,2
736,52241,796,34516,17,2
737,116356,330,7527,3,1
738,41114,634,11009,19,1
739,67196,600,44390,31,1
740,97561,421,26141,28,1
741,117012,468,33209,27,1
742,112960,781,32189,35,2
743,111167,661,19640,20,2
744,73933,327,41970,21,1
745,42240,553,16376,19,1
746,137272,320,36285,20,1
747,128453,322,21743,24,1
748,60784,644,33553,32,1
749,118184,506,33568,40,1
750,70687,604,38586,25,1
751,59444,843,32147,27,2
752,135717,743,44480,34,2
753,56100,484,2219,40,1
754,49313,778,18559,40,2
755,33201,834,14149,23,2
756,36057,626,5222,40,1
757,62092,541,27598,15,1
758,92277,746,28657,2,2
759,110120,343,48348,31,1
760,141376,716,24818,5,2
761,130727,812,8906,33,2
762,39545,543,40309,7,1
763,89692,733,15287,9,2
764,84321,357,33136,34,1
765,146147,584,10496,23,2
766,112544,545,17579,35,1
767,105454,697,1515,25,2
768,55485,464,29760,40,1
769,124155,782,49296,26,2
770,121272,818,5349,22,2
771,80328,353,43033,11,1
772,94799,621,38736,5,1
773,82383,720,21932,28,2
774,61979,386,28164,23,1
775,49342,534,6831,29,1
776,115990,452,6836,23,2
777,120128,806,8766,14,2
778,30726,691,9532,27,1
779,147002,728,12820,26,2
780,128430,554,25224,37,1
781,142779,707,46013,13,2
782,130931,360,4415,21,2
783,146059,609,26866,23,2
784,43970,804,23228,29,2
785,132029,345,9380,31,2
786,85724,570,34880,20,1
787,58683,750,4487,12,2
788,53053,796,30999,31,2
789,135396,484,12029,32,2
790,121214,304,35472,36,1
791,97889,326,19630,7,1
792,90889,771,47380,30,2
793,36582,632,48942,36,1
794,103060,372,36858,38,1
795,62662,466,26460,25,1
796,141193,617,45889,38,2
797,45906,697,32223,17,1
798,89829,736,7091,2,2
799,47477,837,6503,18,2
800,135043,607,17295,33,2
801,90901,722,7192,29,2
802,117500,316,8466,29,2
803,99616,621,39483,29,2
804,103259,516,13129,5,1
805,108047,704,8646,0,2
806,71588,704,20834,5,2
807,128992,514,32530,9,1
808,146840,774,10710,30,2
809,88008,320,30459,37,1
810,110301,405,42314,27,1
811,136824,797,34643,37,2
812,124276,840,2246,27,2
813,146918,806,41809,22,2
814,96162,537,34268,14,1
815,85933,699,28319,23,2
816,138864,388,44716,30,1
817,148863,610,16382,13,2
818,101810,478,33995,2,1
819,88446,798,17896,21,2
820,147598,406,47294,3,1
821,50861,342,34246,6,1
822,127472,752,34154,31,2
823,142917,506,29777,26,1
824,92216,475,6585,17,1
825,88991,842,28637,14,2
826,63972,670,2950,28,2
827,128536,468,29447,3,1
828,62406,832,20380,26,2
829,140082,652,1517,17,2
830,113579,752,46709,22,2
831,66347,850,22921,24,2
832,130376,619,35166,21,2
833,131931,732,34113,7,2
834,98327,759,20527,36,2
835,93517,443,47815,24,1
836,112149,383,7045,3,1
837,61358,831,26872,16,2
838,65992,466,10459,32,1
839,87654,333,49922,10,1
840,40155,596,3639,33,1
841,123525,446,10315,37,2
842,67450,302,9016,35,1
843,60735,686,32144,38,2
844,65614,633,6853,39,2
845,74020,753,49228,17,2
846,71904,387,13610,39,1
847,147050,319,8882,34,2
848,100798,754,6547,34,2
849,40561,324,35596,20,1
850,48136,561,6873,9,1
851,49769,605,26555,6,1
852,60311,353,14274,15,1
853,80205,362,21862,29,1
854,120957,403,17142,35,1
855,50028,508,10330,23,1
856,122591,762,3738,0,2
857,58043,793,18911,38,2
858,38418,588,3980,10,1
859,84377,586,29309,13,2
860,83424,579,17117,20,1
861,73369,787,1280,0,2
862,101121,383,43539,4,1
863,91069,685,40407,22,2
864,84496,755,1613,14,2
865,38161,526,16352,31,1
866,57110,705,8270,17,2
867,139168,366,9351,16,2
868,85069,845,41269,16,2
869,81049,630,29347,26,2
870,148598,529,4077,17,2
871,130898,325,49329,14,1
872,106556,618,5118,40,2
873,121163,556,17197,6,1
874,32560,374,40319,39,1
875,142293,686,21531,4,2
876,145429,367,7673,3,1
877,130348,310,30714,24,1
878,105456,764,34896,21,2
879,79857,429,42770,32,1
880,92518,345,4964,8,1
881,30772,449,10660,30,1
882,76105,358,16557,32,1
883,69139,506,5482,21,1
884,128759,636,11635,6,2
885,81116,535,31574,39,1
886,141863,510,27234,11,1
887,146869,445,20043,28,1
888,139540,478,15348,16,1
889,84921,568,7631,1,1
890,100545,767,16738,23,2
891,127978,421,10465,8,1
892,126289,550,4027,39,2
893,101582,586,9287,32,2
894,134840,471,34332,24,1
895,109069,629,47693,23,2
896,147677,337,14579,14,2
897,58906,686,38445,10,2
898,93993,755,35001,22,2
899,58760,742,27801,23,2
900,65774,377,24533,5,1
901,87125,400,8771,4,1
902,93654,495,47244,38,1
903,33804,713,27591,37,1
904,80968,532,48404,13,1
905,74057,648,6627,20,2
906,117670,330,25556,8,1
907,119016,647,15777,26,2
908,134614,332,10118,9,1
909,82994,700,5175,34,2
910,124919,395,12234,6,1
911,51632,371,26289,18,1
912,140166,311,12260,20,2
913,91261,370,26493,13,1
914,46728,617,39501,12,1
915,111560,552,35462,21,1
916,100008,655,46895,19,2
917,33534,768,26209,11,2
918,148872,580,42162,34,2
919,81645,424,25165,4,1
920,107580,512,34165,2,1
921,103975,499,26996,2,1
922,116900,796,31235,4,2
923,33552,465,12179,1,1
924,41003,579,11059,28,1
925,114246,835,43009,6,2
926,86179,555,25552,15,1
927,47786,525,7330,10,1
928,143619,512,36501,25,1
929,90515,711,43860,20,2
930,53819,344,5412,13,1
931,36590,475,17511,6,1
932,64099,625,44671,30,1
933,79689,815,39500,0,2
934,72906,549,41616,5,1
935,57742,338,16601,38,1
936,89598,833,28190,18,2
937,72840,355,44581,15,1
938,74236,752,42273,0,1
939,129775,428,7013,11,2
940,145296,778,21412,10,2
941,79692,759,42654,12,2
942,66471,782,29926,27,2
943,128567,737,6454,19,2
944,139041,764,19561,24,2
945,85255,304,1841,32,1
946,63065,693,33083,19,2
947,139433,466,13728,27,2
948,40735,677,46642,3,1
949,91644,670,42350,1,1
950,32540,560,17214,38,1
951,128176,707,47272,37,2
952,100702,558,46340,19,1
953,36826,411,42692,36,1
954,75870,615,1420,10,2
955,59389,741,12182,11,2
956,115215,761,38164,13,2
957,38993,718,29883,40,1
958,132397,583,5211,21,2
959,115426,342,7346,13,2
960,35276,645,40608,27,1
961,128858,708,25801,39,2
962,34067,442,2682,38,1
963,62411,786,34745,26,2
964,56130,346,49222,20,1
965,139999,402,49121,24,1
966,32671,608,45109,35,1
967,111439,549,14870,10,1
968,49973,464,22397,24,1
969,61266,439,36031,40,1
970,46544,366,43204,21,1
971,92070,747,16293,14,2
972,117747,418,38541,23,1
973,44993,494,26437,27,1
974,103920,527,7985,25,2
975,58569,766,10661,38,2
976,90952,426,18920,36,1
977,121680,456,47973,13,1
978,63586,701,20601,10,2
979,130518,373,35592,18,1
980,78351,355,47503,19,1
981,51992,514,15295,12,1
982,109415,685,28991,10,2
983,109593,827,43604,21,2
984,128032,546,26994,31,1
985,124156,774,43618,24,2
986,45012,821,15741,1,1
987,131946,795,43244,27,2
988,137387,320,26807,35,1
989,51465,427,14596,7,1
990,70768,340,9442,36,1
991,44168,605,24826,34,1
992,105849,831,20228,34,2
993,33365,514,46084,6,1
994,70888,520,9795,38,1
995,105470,566,26020,10,1
996,118781,848,14353,4,2
997,149016,823,40645,10,2
998,79192,379,18702,7,1
999,81990,641,18907,9,2
1000,123718,687,7881,7,2
1001,55995,588,37145,17,1
1002,39961,712,32251,37,1
1003,107607,687,38195,17,2
1004,120520,768,12999,28,2
1005,138864,612,42656,5,2
1006,112213,395,11820,36,1
1007,61830,734,45370,32,2
1008,43356,307,47803,27,1
1009,121382,836,15750,11,2
1010,131250,682,8420,21,2
1011,69529,571,14963,0,1
1012,141449,336,31346,39,1
1013,119687,409,1337,22,2
1014,108697,841,34706,9,2
1015,135582,683,20613,23,2
1016,45866,465,10166,22,1
1017,134363,341,9760,25,2
1018,104177,572,8785,26,2
1019,132581,434,8191,6,1
1020,35383,650,29158,38,1
1021,75508,553,41475,9,1
1022,99827,739,14003,30,2
1023,86148,452,16032,7,1
1024,116706,504,6959,3,1
1025,78571,790,5020,32,2
1026,39038,728,17185,20,1
1027,96317,586,40749,6,1
1028,114874,313,45758,35,1
1029,74725,841,40630,23,2
1030,31658,342,39440,12,1
1031,141355,506,35967,9,1
1032,85057,655,24986,28,2
1033,137784,322,11940,38,2
1034,94251,707,33442,34,2
1035,43833,710,40794,17,1
1036,86822,837,17962,19,2
1037,77472,543,20126,2,1
1038,113307,352,43101,15,1
1039,146860,570,48322,8,1
1040,138620,524,48872,17,1
1041,90258,563,42040,40,1
1042,122708,704,11200,28,2
1043,50052,770,13125,11,2
1044,87080,481,26834,38,1
1045,53086,402,48468,33,1
1046,126180,313,43236,2,1
1047,98386,646,47363,5,1
1048,115256,639,32385,9,2
1049,65400,603,7721,32,2
1050,110728,694,10658,22,2
1051,135932,803,12112,7,2
1052,100539,386,3840,38,2
1053,131533,608,41944,18,2
1054,93372,302,10741,9,1
1055,90931,737,48625,17,2
1056,87091,734,32541,26,2
1057,138230,809,36307,34,2
1058,125817,389,16413,23,1
1059,107656,361,23894,23,1
1060,65179,731,16892,13,2
1061,72245,734,25358,3,1
1062,141635,444,6176,15,2
1063,62177,443,35566,19,1
1064,138885,332,40595,11,1
1065,41359,813,21056,14,2
1066,66559,516,27240,39,1
1067,145557,620,43775,25,2
1068,89087,406,6099,23,1
1069,61963,366,14887,38,1
1070,128366,546,18640,5,1
1071,90910,395,21224,0,1
1072,104691,432,47049,6,1
1073,109997,691,32257,37,2
1074,117580,537,15132,9,1
1075,79674,647,20060,23,2
1076,74092,456,38152,40,1
1077,33761,810,7167,29,2
1078,94789,391,5661,11,1
1079,141536,443,9124,36,2
1080,72600,621,25489,5,1
1081,53834,550,46858,35,1
1082,93904,374,15617,24,1
1083,57802,411,6624,11,1
1084,76507,366,21793,21,1
1085,134573,459,31799,9,1
1086,63862,740,32025,13,2
1087,74608,385,10288,4,1
1088,66655,519,44885,16,1
1089,145385,468,14015,22,2
1090,108139,698,1650,35,2
1091,121905,624,1929,9,2
1092,145357,569,35124,0,1
1093,66211,730,46642,34,2
1094,102848,314,25265,23,1
1095,31330,723,27895,22,1
1096,97715,769,29074,23,2
1097,55042,590,47012,39,1
1098,41221,316,41387,26,1
1099,61635,333,44759,18,1
1100,124381,427,23977,29,1
1101,83271,529,34263,18,1
1102,94038,724,3141,0,2
1103,102768,740,16848,35,2
1104,129374,431,42698,24,1
1105,61499,429,34046,7,1
1106,120519,630,14353,5,2
1107,92402,380,38473,24,1
1108,114659,604,13702,34,2
1109,123302,581,6437,9,2
1110,94332,409,10295,18,1
1111,88743,700,7597,31,2
1112,133931,621,42520,28,2
1113,32260,795,41239,38,2
1114,42196,323,34947,32,1
1115,68566,525,6468,8,1
1116,59045,778,49837,31,2
1117,83005,702,7743,37,2
1118,120673,756,28770,38,2
1119,61890,661,25507,40,1
1120,70135,843,24085,25,2
1121,117026,520,44054,23,1
1122,106225,518,31498,36,1
1123,78368,839,15251,6,2
1124,92031,745,21826,20,2
1125,102544,763,12215,38,2
1126,99588,304,31262,18,1
1127,75056,781,7233,26,2
1128,85771,805,41129,3,2
1129,127771,329,15681,3,1
1130,102140,495,48455,23,1
1131,73357,376,18283,21,1
1132,76112,422,9276,20,1
1133,122124,834,35576,15,2
1134,89473,531,7016,16,1
1135,65509,510,46545,4,1
1136,70189,492,32958,6,1
1137,62951,764,43945,9,2
1138,60217,825,14305,25,2
1139,45814,404,10652,29,1
1140,124540,787,44377,33,2
1141,55242,706,33911,27,2
1142,71359,498,20267,12,1
1143,45670,351,43358,15,1
1144,127370,844,7621,17,2
1145,100236,574,33451,13,1
1146,129901,489,33980,39,1
1147,120461,371,11921,11,2
1148,54267,481,18290,4,1
1149,55105,301,33001,15,1
1150,58361,815,11964,9,2
1151,126810,563,44477,31,1
1152,93464,795,8389,17,2
1153,66241,665,33625,1,1
1154,124972,498,25758,40,1
1155,107278,479,18387,22,1
1156,129641,832,46995,21,2
1157,98765,810,45926,9,2
1158,108222,366,20315,0,1
1159,67093,740,24085,0,2
1160,43176,446,49041,12,1
1161,139134,695,28693,25,2
1162,55443,746,45493,20,2
1163,68829,504,20730,19,1
1164,59816,747,7294,8,2
1165,77301,777,28558,26,2
1166,53519,609,16902,37,1
1167,69618,428,27407,0,1
1168,31854,641,39950,6,1
1169,122801,354,46978,13,1
1170,100010,458,20719,40,1
1171,46591,417,5400,0,1
1172,65954,325,34148,28,1
1173,35965,566,41157,28,1
1174,37146,474,34522,34,1
1175,102529,700,26285,6,2
1176,68290,698,1722,37,2
1177,121411,442,31664,29,1
1178,46551,837,26599,32,2
1179,113606,585,44151,19,2
1180,143830,484,38751,32,1
1181,128669,656,39305,39,2
1182,94340,408,33730,30,1
1183,43446,478,48720,24,1
1184,144389,752,25531,38,2
1185,31607,504,13826,16,1
1186,105243,388,39149,1,1
1187,67268,717,38243,34,2
1188,91524,785,33823,22,2
1189,92746,372,38299,5,1
1190,87733,638,2477,14,2
1191,74657,461,19878,4,1
1192,54164,413,39192,30,1
1193,36734,642,4892,8,1
1194,63092,336,23665,4,1
1195,142947,577,48404,2,1
1196,92616,533,2405,3,1
1197,44953,793,4417,24,2
1198,137756,748,8732,39,2
1199,38564,310,15884,26,1
1200,82521,358,6020,3,1
1201,94454,599,9501,38,2
1202,39710,806,47219,22,2
1203,105631,599,43837,15,2
1204,112502,797,19335,5,2
1205,119974,515,9044,23,2
1206,37026,764,8486,1,1
1207,49887,807,2235,24,2
1208,49555,353,44280,19,1
1209,136318,521,2792,21,2
1210,103772,594,36046,29,2
1211,69824,778,49865,15,2
1212,41164,602,23120,36,1
1213,62530,427,21112,36,1
1214,45525,309,31568,2,1
1215,103147,381,19117,39,1
1216,130197,565,33435,8,1
1217,84548,488,45855,32,1
1218,109471,565,17871,1,1
1219,108135,379,34222,28,1
1220,133643,373,43066,27,1
1221,111057,683,31846,18,2
1222,59581,516,21519,32,1
1223,131671,333,44061,9,1
1224,98494,728,36321,7,2
1225,79856,751,21770,17,2
1226,89049,536,30872,20,1
1227,149079,670,43816,30,2
1228,88028,717,45178,37,2
1229,68974,718,28592,32,2
1230,142743,423,28435,16,1
1231,107139,324,46222,10,1
1232,86207,547,47660,18,1
1233,70026,759,27796,40,2
1234,104531,821,6491,9,2
1235,111399,480,34336,37,1
1236,37894,830,35419,37,2
1237,109905,446,3748,13,2
1238,127004,469,8769,18,2
1239,43006,408,16183,17,1
1240,129973,340,36378,34,1
1241,57235,736,48978,28,2
1242,111987,755,29328,31,2
1243,57659,376,22437,10,1
1244,64687,743,7582,33,2
1245,116563,440,39426,24,1
1246,40641,808,19520,8,2
1247,50585,802,37551,39,2
1248,61439,540,42793,22,1
1249,52782,801,42289,25,2
1250,102350,594,28498,28,2
1251,39838,655,46676,25,1
1252,50517,329,20066,17,1
1253,30350,625,27950,25,1
1254,83545,647,42698,2,1
1255,89048,412,41193,39,1
1256,120357,661,37234,4,1
1257,107832,705,48043,14,2
1258,91592,313,3364,1,1
1259,68175,608,2588,14,2
1260,34278,434,49531,17,1
1261,60340,455,7262,37,1
1262,67762,824,49724,1,2
1263,122662,395,15565,26,1
1264,67056,808,48681,25,2
1265,122141,706,16211,28,2
1266,142670,397,37758,10,1
1267,89510,835,48384,36,2
1268,39329,454,3392,20,1
1269,120096,800,36755,31,2
1270,60595,407,28898,4,1
1271,64675,339,28799,31,1
1272,133262,420,29539,18,1
1273,133710,469,10274,18,2
1274,111927,783,31335,13,2
1275,107304,785,1643,20,2
1276,116662,396,36240,29,1
1277,135369,531,23607,40,1
1278,55928,676,41927,25,2
1279,85723,405,48884,13,1
1280,45043,583,49317,39,1
1281,101376,450,10393,10,1
1282,59466,735,44571,30,2
1283,114886,785,24264,19,2
1284,49528,584,47618,9,1
1285,149067,745,43735,22,2
1286,64816,495,26064,23,1
1287,138348,559,33951,0,1
1288,48643,580,41977,3,1
1289,39359,802,12388,30,2
1290,37816,481,9627,5,1
1291,51747,584,13725,39,1
1292,133891,675,34838,0,2
1293,70319,451,48772,17,1
1294,107993,477,42635,0,1
1295,128167,774,6777,7,2
1296,138034,473,1684,13,2
1297,104607,495,49982,8,1
1298,67828,723,15808,12,2
1299,87560,394,33105,22,1
1300,46299,337,39353,24,1
1301,91433,512,23425,32,1
1302,120266,567,3060,7,1
1303,69857,686,44142,37,2
1304,121715,462,28617,30,1
1305,82757,767,39900,36,2
1306,65683,645,32624,25,1
1307,95597,710,39867,1,1
1308,100776,433,44477,21,1
1309,94722,705,11835,29,2
1310,87377,541,14324,27,1
1311,40543,652,7547,30,1
1312,108385,548,7279,24,2
1313,35224,703,36003,4,1
1314,146578,540,25191,23,1
1315,86626,441,33764,12,1
1316,126276,454,19675,19,1
1317,72247,829,7975,29,2
1318,109129,464,21907,8,1
1319,62816,732,4572,19,2
1320,33390,643,36063,23,1
1321,41970,453,1455,21,1
1322,60005,588,3611,7,2
1323,118381,603,2542,34,2
1324,139570,414,24412,2,1
1325,142789,741,19002,22,2
1326,105392,681,3509,9,2
1327,106955,645,42729,19,2
1328,32719,743,8630,12,2
1329,130238,683,38574,30,2
1330,118117,346,40624,25,1
1331,137665,432,19007,17,1
1332,65325,526,5176,39,1
1333,105529,698,32169,35,2
1334,35273,515,35880,10,1
1335,130022,385,14602,33,1
1336,129125,470,41911,22,1
1337,52962,540,25594,34,1
1338,91669,596,12706,10,2
1339,98021,728,40272,17,2
1340,115394,701,15752,25,2
1341,87963,845,22892,29,2
1342,66458,493,42708,1,1
1343,53788,323,22300,39,1
1344,106720,823,13650,10,2
1345,87132,630,9693,18,2
1346,113202,547,12591,29,1
1347,136724,550,31291,4,1
1348,94451,727,18041,34,2
1349,41959,599,27109,2,1
1350,91605,406,10567,16,1
1351,75607,647,10302,15,2
1352,83523,550,18039,21,1
1353,73687,443,10700,33,1
1354,72081,462,38200,40,1
1355,117835,431,10602,38,2
1356,43710,451,39288,0,1
1357,142424,652,43195,9,2
1358,51079,473,35421,30,1
1359,73228,529,10836,17,1
1360,83955,312,49906,33,1
1361,120921,819,5403,17,2
1362,94942,835,17251,15,2
1363,67777,767,12628,2,2
1364,116846,365,9686,33,2
1365,82488,352,21896,40,1
1366,136635,520,40209,31,1
1367,129680,767,1032,16,2
1368,102102,826,19596,19,2
1369,34809,486,32954,0,1
1370,89614,742,45104,19,2
1371,41542,537,14973,19,1
1372,71224,458,22218,10,1
1373,63082,633,34847,30,1
1374,72372,783,20897,23,2
1375,45194,702,28336,0,1
1376,131259,767,18970,1,2
1377,82976,324,22092,27,1
1378,143365,815,29842,17,2
1379,97449,781,4014,24,2
1380,138124,684,4887,6,2
1381,30150,783,9800,4,1
1382,116200,606,38623,12,2
1383,143949,322,10205,4,1
1384,101118,519,13067,20,1
1385,90552,443,8811,26,1
1386,84165,747,3102,32,2
1387,37104,377,38047,5,1
1388,54586,374,45823,27,1
1389,97952,486,43456,36,1
1390,77419,600,1416,39,2
1391,111609,634,35889,29,2
1392,129148,456,13376,9,1
1393,95338,370,22460,20,1
1394,111973,440,29812,7,1
1395,87939,749,27160,12,2
1396,129613,828,8975,10,2
1397,36764,725,13516,13,1
1398,56680,730,27234,6,1
1399,65003,534,46954,5,1
1400,101987,346,10223,15,1
1401,47172,339,5009,38,1
1402,67752,729,12299,11,2
1403,87424,412,11641,1,1
1404,145454,639,2867,30,2
1405,121521,473,11365,6,1
1406,93532,725,36174,28,2
1407,45915,431,22160,34,1
1408,33783,500,9246,14,1
1409,112578,589,41305,6,2
1410,109806,832,34875,36,2
1411,134767,335,26233,40,1
1412,61365,543,11609,25,1
1413,123032,715,30629,13,2
1414,50758,645,23102,11,1
1415,70730,364,24948,27,1
1416,102199,423,37075,18,1
1417,31792,707,34482,12,1
1418,102384,838,40382,9,2
1419,83476,470,25541,10,1
1420,42217,455,36443,39,1
1421,59451,731,32230,29,2
1422,140284,513,49068,39,1
1423,149659,464,16890,25,1
1424,44871,372,15831,17,1
1425,90482,582,22461,0,1
1426,45396,605,9183,34,1
1427,114896,690,17741,7,2
1428,139070,835,7753,5,2
1429,50181,731,4712,40,2
1430,95323,636,28501,16,2
1431,123926,744,44622,17,2
1432,68254,343,40430,6,1
1433,96698,669,39018,38,1
1434,122459,771,38574,33,2
1435,65838,521,38154,11,1
1436,84459,559,24500,22,1
1437,139408,464,14721,35,1
1438,93242,811,6824,21,2
1439,91894,403,48313,5,1
1440,61946,571,47359,31,1
1441,89871,414,13438,37,1
1442,102255,482,27081,39,1
1443,48958,648,35919,22,1
1444,80277,631,15734,28,2
1445,54983,524,17079,14,1
1446,108561,794,29767,26,2
1447,96616,709,42107,36,2
1448,127818,741,25263,23,2
1449,145255,629,47034,15,2
1450,47892,533,48192,22,1
1451,143249,354,31162,39,1
1452,39150,358,23780,30,1
1453,66208,328,47767,38,1
1454,131276,611,22661,14,2
1455,133547,622,1444,39,2
1456,141989,465,49008,12,1
1457,84387,806,48753,7,2
1458,74548,785,10077,21,2
1459,133247,392,13095,16,2
1460,96550,836,17893,1,2
1461,65018,841,1824,0,2
1462,137551,493,42712,39,1
1463,30336,481,29881,11,1
1464,67072,619,20099,6,1
1465,125164,645,30797,35,2
1466,69132,545,33162,12,1
1467,139769,401,35068,5,1
1468,106931,589,21992,8,2
1469,106011,384,33143,1,1
1470,116499,356,35573,2,1
1471,94178,349,36015,1,1
1472,143411,820,35339,11,2
1473,49476,490,15520,20,1
1474,88529,419,20034,0,1
1475,100592,533,25365,25,1
1476,93483,617,14426,17,2
1477,75236,799,17608,38,2
1478,73573,372,42785,7,1
1479,102340,562,45623,25,1
1480,129991,704,14246,5,2
1481,101228,534,3492,24,2
1482,79441,748,49388,9,2
1483,89682,625,3867,36,2
1484,72176,773,14149,3,2
1485,143980,643,44123,28,2
1486,54727,625,4716,7,2
1487,121422,679,3518,9,2
1488,61300,422,15714,40,1
1489,104946,589,45932,39,2
1490,80196,765,32400,9,2
1491,60613,697,17856,10,2
1492,142199,532,27360,8,1
1493,131652,763,30090,24,2
1494,83841,551,15218,12,1
1495,35720,718,25563,19,1
1496,71704,352,14068,13,1
1497,127609,324,46479,13,1
1498,91993,502,10875,26,1
1499,122435,336,45314,6,1
1500,149725,665,14304,9,2
1501,136352,786,23191,11,2
1502,79968,845,41520,26,2
1503,80604,416,44507,9,1
1504,116991,474,2307,37,2
1505,133860,803,45024,36,2
1506,137577,607,45392,25,2
1507,115461,385,24246,38,1
1508,49936,496,34647,17,1
1509,94923,613,18243,28,2
1510,34852,332,9562,39,1
1511,46547,336,46566,17,1
1512,95836,435,23691,16,1
1513,107356,626,34344,7,2
1514,73515,366,11092,36,1
1515,143993,372,11239,37,2
1516,43154,424,4680,8,1
1517,144581,743,45931,14,2
1518,140761,807,40679,11,2
1519,87711,381,12524,12,1
1520,43069,377,13333,11,1
1521,98937,603,40423,26,1
1522,149333,307,43915,16,1
1523,89890,740,6239,28,2
1524,32011,568,48654,20,1
1525,124692,620,36777,12,2
1526,48894,632,27426,29,1
1527,83736,442,21756,24,1
1528,144154,488,15220,6,1
1529,115823,462,20891,35,1
1530,50232,799,44633,3,2
1531,39807,540,34997,31,1
1532,91537,842,19474,21,2
1533,132436,364,2160,28,2
1534,64737,787,19384,35,2
1535,74375,534,47406,37,1
1536,111691,823,7264,24,2
1537,120794,368,30457,24,1
1538,82098,360,32047,15,1
1539,115175,627,32765,20,2
1540,40527,602,49065,3,1
1541,141642,733,46917,0,2
1542,73065,380,25158,29,1
1543,141718,621,8061,17,2
1544,118389,630,2111,7,2
1545,142635,684,37053,1,2
1546,99942,589,22234,36,2
1547,79808,467,47783,15,1
1548,71505,804,27251,34,2
1549,112155,512,30392,10,1
1550,124203,324,4439,14,2
1551,146318,627,22164,24,2
1552,129536,369,3629,12,2
1553,93956,676,34367,10,2
1554,144344,823,26455,10,2
1555,100912,702,8809,18,2
1556,34705,342,26392,6,1
1557,110931,610,24654,29,2
1558,38968,617,1810,13,1
1559,60771,700,40440,10,2
1560,112727,300,3044,39,2
1561,119705,463,7372,3,1
1562,67667,322,20494,2,1
1563,59817,331,32228,11,1
1564,127880,791,5147,9,2
1565,41846,722,12470,0,1
1566,86881,324,44990,17,1
1567,42903,745,37630,31,2
1568,129663,767,31964,34,2
1569,113066,655,27673,11,2
1570,122260,717,24614,27,2
1571,144370,468,3802,21,2
1572,43173,442,14488,25,1
1573,88153,560,37074,10,1
1574,51805,704,35283,25,2
1575,120964,459,46478,12,1
1576,69251,613,16848,25,2
1577,148413,602,8934,13,2
1578,33794,732,24430,25,1
1579,36028,789,42629,39,2
1580,72516,561,46916,30,1
1581,134352,802,2790,24,2
1582,37355,384,17081,40,1
1583,68452,335,22159,19,1
1584,76984,328,34180,28,1
1585,79131,349,17593,37,1
1586,86450,340,20024,38,1
1587,49080,305,26382,11,1
1588,62007,805,15990,28,2
1589,99621,321,47426,33,1
1590,84008,746,37522,27,2
1591,104177,549,10012,7,1
1592,119364,682,37527,16,2
1593,133877,537,14267,9,1
1594,53600,415,35377,17,1
1595,52280,791,14995,12,2
1596,52946,372,10575,8,1
1597,40350,468,17191,40,1
1598,109887,361,29303,2,1
1599,144142,430,32415,39,1
1600,80140,594,33580,4,1
1601,111226,340,25216,17,1
1602,119539,634,21194,30,2
1603,61566,801,23440,34,2
1604,95230,825,15931,20,2
1605,149646,496,22954,33,1
1606,106435,442,46110,18,1
1607,48758,832,12364,7,2
1608,60433,645,12998,31,2
1609,90443,427,25678,35,1
1610,113611,583,34496,36,2
1611,63289,747,26354,20,2
1612,90236,410,36945,34,1
1613,63466,361,1645,7,1
1614,117404,573,37216,22,1
1615,31231,692,14313,34,1
1616,147821,397,17134,26,1
1617,135464,303,16648,19,1
1618,90981,383,27773,28,1
1619,148123,510,45126,31,1
1620,67700,752,40751,13,2
1621,118815,512,15282,20,1
1622,101643,780,2590,36,2
1623,50706,690,2343,31,2
1624,39681,575,25025,16,1
1625,87898,690,24892,3,2
1626,75293,556,6194,33,1
1627,107014,534,27834,19,1
1628,69210,595,36909,30,1
1629,113746,368,7652,17,2
1630,85615,551,1573,20,1
1631,120480,703,9844,10,2
1632,62780,773,17108,29,2
1633,89878,300,19822,29,1
1634,140795,832,24195,38,2
1635,69599,470,33974,31,1
1636,56111,722,26072,24,2
1637,80422,760,39694,8,2
1638,141848,798,27164,29,2
1639,93335,551,10537,40,1
1640,43979,379,40206,18,1
1641,61091,498,21338,32,1
1642,79986,523,42331,33,1
1643,104963,591,25115,3,2
1644,77049,337,44667,35,1
1645,105341,750,48936,40,2
1646,68780,525,3745,2,1
1647,121655,455,28978,35,1
1648,68696,794,5331,14,2
1649,32875,650,41422,23,1
1650,138794,839,11197,37,2
1651,116275,744,32679,17,2
1652,81879,607,17884,6,2
1653,65976,456,7461,34,1
1654,31061,466,41832,30,1
1655,104177,457,28146,30,1
1656,143386,705,39562,13,2
1657,119889,634,39892,24,2
1658,132014,394,46703,9,1
1659,127605,389,3649,10,2
1660,36428,474,26615,31,1
1661,149356,366,31299,38,1
1662,109482,332,26781,21,1
1663,127671,600,43827,25,2
1664,95107,546,31230,9,1
1665,139161,589,22805,20,2
1666,148509,609,47472,13,2
1667,148349,350,3056,16,2
1668,67512,760,9709,20,2
1669,131677,468,17423,26,1
1670,134708,584,14255,11,2
1671,60162,645,1179,6,2
1672,109569,580,35791,25,2
1673,135110,340,30815,37,1
1674,76179,364,32097,26,1
1675,58705,528,30443,16,1
1676,113442,560,26874,16,1
1677,54920,740,4130,4,2
1678,111381,352,33547,37,1
1679,62850,636,12615,34,2
1680,118835,321,7518,8,1
1681,129035,465,28947,13,1
1682,124493,370,5995,9,1
1683,130593,576,12729,7,1
1684,116400,584,6457,22,2
1685,119241,318,41654,5,1
1686,139882,659,2952,21,2
1687,47927,795,39427,4,1
1688,112345,696,22116,23,2
1689,42735,646,28232,0,1
1690,148410,439,32026,31,1
1691,112242,551,21451,34,1
1692,114717,564,25876,9,1
1693,35167,607,27664,1,1
1694,70492,402,24758,7,1
1695,133364,380,16172,3,1
1696,87779,604,37199,19,1
1697,34373,395,44115,21,1
1698,105965,715,36518,6,2
1699,77823,489,43499,36,1
1700,125991,473,49356,32,1
1701,47224,804,36885,15,2
1702,41813,652,9926,25,1
1703,149226,730,17711,38,2
1704,68680,422,44976,15,1
1705,72823,436,15295,17,1
1706,127973,409,23371,13,1
1707,84460,687,44222,33,2
1708,53021,492,44637,15,1
1709,56318,361,31064,33,1
1710,47322,736,1902,30,2
1711,133089,760,14167,17,2
1712,100701,317,16363,31,1
1713,144879,679,35211,16,2
1714,77953,364,38169,6,1
1715,99579,841,1220,9,2
1716,95771,792,13675,11,2
1717,149732,504,42212,25,1
1718,65720,500,17048,20,1
1719,138851,533,29234,35,1
1720,51567,344,14432,29,1
1721,63681,519,15317,23,1
1722,149806,760,14702,5,2
1723,138093,546,3894,30,2
1724,93156,721,22675,6,2
1725,135708,665,30645,35,2
1726,68684,460,16349,2,1
1727,127853,760,15786,39,2
1728,144084,606,46007,27,2
1729,74396,683,3302,34,2
1730,135412,457,28200,6,1
1731,45095,845,44287,36,2
1732,91385,519,49065,1,1
1733,39869,418,46515,8,1
1734,48449,438,4462,33,1
1735,128848,375,16826,34,1
1736,59571,439,12685,2,1
1737,142740,830,10687,39,2
1738,118647,468,45652,17,1
1739,124924,331,6481,20,2
1740,118395,400,29768,34,1
1741,82089,620,25841,7,1
1742,140853,451,40344,36,1
1743,135458,813,41740,2,2
1744,103048,302,44387,16,1
1745,77942,842,10827,25,2
1746,41836,678,44340,3,1
1747,133636,340,41961,30,1
1748,81717,838,13108,8,2
1749,31824,427,37424,33,1
1750,64663,810,17319,33,2
1751,100329,367,10273,25,1
1752,46199,321,16906,26,1
1753,89609,557,6384,29,1
1754,78311,597,3773,11,2
1755,118188,600,13561,1,1
1756,128174,843,34109,1,2
1757,118125,639,48546,8,1
1758,64362,598,16651,13,1
1759,106619,563,39477,20,1
1760,79941,396,47616,38,1
1761,137795,546,39883,5,1
1762,113695,340,27650,2,1
1763,78689,698,7246,29,2
1764,44201,327,2926,37,1
1765,118452,313,17016,24,1
1766,60647,725,1201,39,2
1767,91797,378,21396,38,1
1768,33280,531,16161,25,1
1769,111205,499,12180,10,1
1770,145898,337,46574,18,1
1771,103584,645,16574,31,2
1772,72992,431,28952,1,1
1773,149964,699,27072,38,2
1774,109964,628,49834,13,2
1775,59015,821,37063,11,2
1776,114889,446,41709,13,1
1777,38285,305,35590,28,1
1778,113283,539,43279,23,1
1779,137984,348,34252,23,1
1780,90852,763,17727,37,2
1781,149195,684,44042,18,2
1782,121891,602,10514,34,2
1783,69608,405,20294,1,1
1784,115097,410,13121,14,1
1785,83516,717,41777,1,1
1786,45292,752,12397,13,2
1787,48320,670,43610,15,1
1788,35943,303,23589,26,1
1789,34877,450,27622,37,1
1790,69893,691,38546,24,2
1791,94569,736,7439,9,2
1792,45220,557,13585,17,1
1793,42739,341,2930,10,1
1794,60775,364,4614,7,1
1795,146294,326,4140,4,1
1796,100457,629,4560,29,2
1797,47781,753,43078,26,2
1798,80940,751,30012,38,2
1799,89459,721,45000,8,2
1800,78629,693,4125,10,2
1801,117881,846,18222,4,2
1802,127404,666,47852,10,2
1803,121289,775,1697,13,2
1804,100804,688,8380,14,2
1805,84935,653,25640,7,1
1806,106983,350,48578,10,1
1807,127290,396,29256,17,1
1808,125236,825,12161,11,2
1809,50253,849,12953,6,2
1810,146052,648,49139,31,2
1811,84379,548,8535,32,1
1812,115841,323,33297,37,1
1813,42978,712,33536,15,1
1814,139273,447,6528,10,2
1815,94139,674,1972,21,2
1816,110694,374,35264,11,1
1817,83492,847,45686,17,2
1818,66666,638,3222,38,2
1819,34288,819,20127,8,2
1820,120476,762,42029,34,2
1821,78566,665,12733,15,2
1822,58477,491,2718,39,1
1823,88115,806,41005,34,2
1824,88287,432,21979,33,1
1825,60947,708,43175,11,2
1826,142125,699,25965,39,2
1827,77537,480,49920,21,1
1828,43022,500,10198,22,1
1829,119873,845,49454,36,2
1830,78147,405,23294,25,1
1831,101364,794,12658,21,2
1832,148187,651,35717,38,2
1833,114518,674,2681,31,2
1834,77012,799,45571,18,2
1835,37936,376,8418,30,1
1836,82184,338,6636,23,1
1837,66160,519,28491,30,1
1838,54878,411,19578,5,1
1839,46011,361,40653,8,1
1840,141153,656,27358,10,2
1841,138028,818,28231,28,2
1842,89600,822,23104,17,2
1843,42015,594,12650,32,1
1844,116870,326,9921,0,1
1845,57801,537,5767,15,1
1846,114109,370,14654,0,1
1847,113819,402,19606,19,1
1848,108269,447,33740,14,1
1849,32799,306,9502,23,1
1850,36629,838,15315,11,2
1851,133126,429,14119,38,1
1852,73713,686,49384,0,1
1853,61925,774,23610,1,2
1854,46505,658,32462,29,1
1855,133150,458,38435,2,1
1856,104000,546,48812,6,1
1857,56896,479,5149,29,1
1858,38992,490,2918,20,1
1859,138765,475,7606,27,2
1860,130290,447,16496,10,1
1861,102641,615,18483,26,2
1862,57152,596,17196,1,1
1863,106858,484,30283,38,1
1864,58305,371,11622,3,1
1865,136568,802,47394,20,2
1866,143992,400,9828,23,2
1867,60539,345,18387,35,1
1868,73064,681,44735,32,2
1869,131498,506,2136,17,2
1870,49340,628,8174,29,1
1871,133369,395,2496,9,1
1872,148034,610,14031,30,2
1873,108116,725,31808,5,2
1874,30371,455,8573,13,1
1875,66342,354,8547,38,1
1876,142513,485,3742,7,1
1877,48964,748,17297,12,2
1878,47038,689,23106,13,1
1879,100807,453,19484,11,1
1880,62853,645,1572,36,2
1881,134662,498,46916,23,1
1882,52871,653,9401,37,2
1883,44408,667,37024,20,1
1884,116646,565,5911,9,1
1885,143567,790,16126,35,2
1886,33379,322,28023,14,1
1887,47275,307,15538,18,1
1888,31947,808,37990,40,2
1889,76955,680,19680,27,2
1890,133544,772,29454,0,2
1891,133341,535,7578,28,2
1892,61186,313,34872,6,1
1893,107182,410,23460,3,1
1894,72437,773,47702,14,2
1895,32068,582,33245,19,1
1896,52838,745,12909,22,2
1897,64782,808,2945,13,2
1898,36868,750,17660,27,2
1899,46614,546,10058,30,1
1900,127218,638,42080,37,2
1901,85176,427,17535,2,1
1902,98955,303,21646,15,1
1903,44896,813,3483,37,2
1904,127735,804,42869,14,2
1905,38330,599,7688,26,1
1906,92422,796,32450,36,2
1907,88756,827,44891,37,2
1908,131976,570,11822,27,2
1909,77453,356,11378,1,1
1910,97271,825,40024,32,2
1911,107812,755,2468,34,2
1912,44293,708,18041,19,1
1913,89245,750,34216,23,2
1914,96039,785,21984,30,2
1915,59038,606,40038,25,1
1916,110623,576,11836,38,1
1917,35683,788,44554,40,2
1918,125321,733,8372,22,2
1919,132659,529,22843,24,1
1920,149111,731,47006,40,2
1921,143636,739,2679,17,2
1922,116363,695,10328,10,2
1923,98347,428,1022,32,1
1924,69535,813,15939,39,2
1925,90036,755,40448,36,2
1926,114323,554,24445,38,1
1927,34082,538,14981,30,1
1928,37972,628,37457,32,1
1929,92781,609,33479,9,1
1930,141057,580,2851,36,2
1931,82640,828,9308,16,2
1932,85872,710,31259,35,2
1933,119928,531,22394,39,1
1934,44150,705,46644,39,1
1935,94260,635,23300,37,2
1936,123375,359,46052,30,1
1937,149236,380,28687,3,1
1938,88138,554,27921,8,1
1939,39632,325,39936,36,1
1940,147868,685,25578,17,2
1941,40589,351,22422,27,1
1942,72219,801,30038,21,2
1943,109730,496,34188,38,1
1944,49442,690,9572,40,2
1945,38609,655,16001,3,1
1946,46540,601,12864,28,1
1947,66046,623,41191,4,1
1948,111830,557,35957,33,1
1949,112978,705,32535,31,2
1950,106724,579,30236,8,1
1951,101874,468,4504,13,2
1952,123343,654,46641,37,2
1953,72622,677,18349,32,2
1954,79925,559,24725,17,1
1955,108301,778,23186,9,2
1956,99541,758,19708,34,2
1957,68652,511,16918,18,1
1958,89469,688,45897,10,2
1959,96263,696,17183,2,2
1960,109354,632,48132,34,2
1961,86387,612,1774,2,2
1962,42999,751,32075,32,2
1963,133952,560,17671,23,1
1964,121983,670,46117,4,2
1965,44996,546,43182,38,1
1966,141777,735,39425,33,2
1967,115814,792,38930,8,2
1968,115316,337,6868,38,2
1969,145042,508,37486,14,1
1970,130789,811,2971,25,2
1971,102264,827,4235,36,2
1972,124481,535,12516,0,1
1973,143441,330,34287,40,1
1974,58183,311,36896,5,1
1975,86370,596,21927,15,2
1976,89186,441,13778,20,1
1977,146403,768,27494,11,2
1978,59949,688,29674,4,1
1979,84239,702,25311,19,2
1980,74424,757,36497,20,2
1981,138451,342,35261,39,1
1982,89441,601,37304,9,1
1983,82262,315,35600,14,1
1984,84524,374,24860,1,1
1985,125631,765,25710,1,2
1986,42463,765,42357,33,2
1987,70966,305,38462,23,1
1988,85936,420,31183,31,1
1989,70963,489,5890,6,1
1990,117177,712,10028,27,2
1991,63408,376,30443,3,1
1992,79060,572,9643,6,1
1993,50006,626,29515,32,1
1994,120023,318,49124,3,1
1995,92163,770,12251,13,2
1996,38799,635,48259,17,1
1997,41957,763,16752,5,2
1998,139022,360,24031,35,1
1999,41188,482,31397,6,1
